{"mean": [675.9304038019543, 836.2992194695134, 2569.0], "std": [434.2766159355164, 1079.5316356152657, 2302.1472042421615]}