{"mean": [45.28819444444444, 5.447916666666667, 71.08333333333333, 29.57638888888889, 31.177083333333332], "std": [20.404339804342612, 5.0919390100377715, 43.37922249700246, 19.09409444083254, 13.123077736218487]}