{"mean": [31.87152777777778, 4.142361111111111, 24.32638888888889, 19.4375, 12.322916666666666], "std": [19.92488032584458, 4.063370929910683, 13.810387526298573, 12.880443158999702, 5.588607195173449]}