{"mean": [26.708333333333332, 4.057291666666667, 23.244791666666668, 18.880208333333332, 12.880208333333334], "std": [11.746379465842042, 4.369859951790662, 12.42634440908765, 12.000921143392725, 5.249129288742139]}