{"mean": [46.604166666666664, 5.479166666666667, 61.140625, 26.770833333333332, 31.90625], "std": [19.354144241106493, 5.268774301380624, 33.08725861933424, 16.860011347531437, 12.163022963234372]}