{"mean": [41.99404761904762, 5.245535714285714, 53.58680555555556, 21.334821428571427, 25.785218253968253], "std": [17.155392862062374, 4.922185150667806, 29.40453015041991, 14.380890710482518, 8.797828451853231]}