{"mean": [25.142857142857142, 4.038690476190476, 23.209821428571427, 17.09970238095238, 12.967261904761905], "std": [12.117211480326525, 3.770511505791505, 13.042707731453321, 11.845084704528483, 5.754477177137776]}