{"mean": [25.118055555555557, 4.392361111111111, 23.77777777777778, 18.071180555555557, 12.692708333333334], "std": [11.310022919577044, 4.234720570951903, 13.448561697385898, 12.738426228265219, 5.569418197066858]}