{"mean": [44.30381944444444, 5.972222222222222, 55.486111111111114, 22.39236111111111, 29.89409722222222], "std": [16.83476848240832, 5.385737910398738, 30.41614979266568, 14.343705451933296, 10.711862253361565]}